{"timestamps": [1548521048.243422], "initial_reset_timestamp": 1548521045.730636, "episode_types": ["t"], "episode_lengths": [200], "episode_rewards": [200.0]}