{"timestamps": [1550286384.08369], "initial_reset_timestamp": 1550286382.734038, "episode_types": ["t"], "episode_lengths": [1529], "episode_rewards": [160.0]}