{"timestamps": [1550308514.888989], "initial_reset_timestamp": 1550308513.399122, "episode_types": ["t"], "episode_lengths": [1529], "episode_rewards": [160.0]}